{"name":"5f886bd2-9474-4df6-9453-6dd38e4d3cca","id":"/providers/Microsoft.Flow/flows/5f886bd2-9474-4df6-9453-6dd38e4d3cca","type":"Microsoft.Flow/flows","properties":{"apiId":"/providers/Microsoft.PowerApps/apis/shared_logicflows","displayName":"teamsNotifyP&V","definition":{"metadata":{"workflowEntityId":null,"processAdvisorMetadata":null,"flowclientsuspensionreason":"None","flowclientsuspensiontime":null,"flowclientsuspensionreasondetails":null,"creator":{"id":"f7a3dd01-2eb4-4c80-9957-da874580db62","type":"User","tenantId":"fdfed7bd-9f6a-44a1-b694-6e39c468c150"},"provisioningMethod":"FromDefinition","failureAlertSubscription":true,"clientLastModifiedTime":"2023-05-30T18:44:17.6820404Z","flowChargedByPaygo":null},"$schema":"https://schema.management.azure.com/providers/Microsoft.Logic/schemas/2016-06-01/workflowdefinition.json#","contentVersion":"1.0.0.0","parameters":{"$connections":{"defaultValue":{},"type":"Object"},"$authentication":{"defaultValue":{},"type":"SecureObject"}},"triggers":{"manual":{"metadata":{"operationMetadataId":"73d6e369-3a54-4f09-9419-387cc78fc7d2"},"type":"Request","kind":"PowerAppV2","inputs":{"schema":{"type":"object","properties":{"text":{"title":"taskID","type":"string","x-ms-dynamically-added":true,"description":"Insira sua entrada","x-ms-content-hint":"TEXT"},"text_2":{"title":"taskTitle","type":"string","x-ms-dynamically-added":true,"description":"Insira sua entrada","x-ms-content-hint":"TEXT"},"text_3":{"title":"description","type":"string","x-ms-dynamically-added":true,"description":"Insira sua entrada","x-ms-content-hint":"TEXT"},"text_1":{"title":"recipients","type":"string","x-ms-dynamically-added":true,"description":"Please enter your input","x-ms-content-hint":"TEXT"},"text_4":{"title":"dueDate","type":"string","x-ms-dynamically-added":true,"description":"Please enter your input","x-ms-content-hint":"TEXT"},"text_5":{"title":"taskPlanID","type":"string","x-ms-dynamically-added":true,"description":"Please enter your input","x-ms-content-hint":"TEXT"}},"required":["text","text_2","text_3","text_1","text_4","text_5"]}}}},"actions":{"taskid":{"runAfter":{},"metadata":{"operationMetadataId":"27188346-864e-415e-a57c-b24fa107628f"},"type":"InitializeVariable","inputs":{"variables":[{"name":"taskid","type":"string","value":"@triggerBody()['text']"}]}},"Recipients":{"runAfter":{"taskid":["Succeeded"]},"metadata":{"operationMetadataId":"7316bd26-cd8c-4f68-8b99-614d2ac12b3d"},"type":"InitializeVariable","inputs":{"variables":[{"name":"recipients","type":"array","value":"@split(triggerBody()['text_1'], ' ')"}]}},"taskTitle":{"runAfter":{"taskid":["Succeeded"]},"metadata":{"operationMetadataId":"36099fef-127f-4d50-ad06-8cffc4151203"},"type":"InitializeVariable","inputs":{"variables":[{"name":"taskTitle","type":"string","value":"@triggerBody()['text_2']"}]}},"dueDate":{"runAfter":{"taskid":["Succeeded"]},"metadata":{"operationMetadataId":"cf23b929-f311-4de7-9c59-69347b728260"},"type":"InitializeVariable","inputs":{"variables":[{"name":"dueDate","type":"string","value":"@{formatDateTime(triggerBody()['text_4'], 'dd-MM-yyyy')}"}]}},"description":{"runAfter":{"taskid":["Succeeded"]},"metadata":{"operationMetadataId":"507f69b3-5646-4744-979d-de3ace7ed72d"},"type":"InitializeVariable","inputs":{"variables":[{"name":"Description","type":"string","value":"@triggerBody()['text_3']"}]}},"Apply_to_each":{"foreach":"@variables('recipients')","actions":{"Post_card_in_a_chat_or_channel":{"runAfter":{},"metadata":{"operationMetadataId":"0612d0af-447b-4a51-80af-c2da1cc08dd5"},"type":"OpenApiConnection","inputs":{"host":{"apiId":"/providers/Microsoft.PowerApps/apis/shared_teams","connectionName":"shared_teams","operationId":"PostCardToConversation"},"parameters":{"poster":"Flow bot","location":"Chat with Flow bot","body/recipient":"@{items('Apply_to_each')};","body/messageBody":"{\n \"$schema\": \"https://adaptivecards.io/schemas/adaptive-card.json\",\n \"type\": \"AdaptiveCard\",\n \"version\": \"1.2\",\n \"body\": [\n {\"type\": \"Container\",\n \"style\": \"emphasis\",\n \"items\": [    \n  {\n   \"type\": \"ColumnSet\",\n   \"columns\": \n   [\n    {\n     \"type\": \"Column\",\n     \"width\": \"stretch\",\n     \"items\": [\n      {\n        \"type\": \"TextBlock\",\n        \"size\": \"Large\",\n        \"weight\": \"Bolder\",\n        \"text\": \"**Tarefa Pendente**\",\n        \"wrap\": true,\n        \"style\": \"heading\",\n        \"color\": \"attention\"\n      },\n      {\n       \"type\": \"TextBlock\",\n       \"text\": \"Por favor, revise abaixo a tarefa atribuida a você no Performance Board\",\n       \"isSubtle\": true,\n       \"weight\":\"bolder\",\n       \"wrap\": true,\n       \"Color\": \"dark\"\n      },\n      {\n        \"type\": \"TextBlock\",\n        \"isSubtle\": true,\n        \"text\": \"Clique no botão abaixo para acessar e atualizar a tarefa conforme necessário\",\n        \"spacing\": \"Medium\",\n        \"wrap\": true\n       }\n     ]\n    },\n    {\n     \"type\": \"Column\",\n     \"width\": \"128px\",\n     \"items\": [\n      {\n       \"type\": \"Image\",\n       \"url\": \"https://cdn-icons-png.flaticon.com/512/3756/3756719.png\",\n       \"spacing\": \"small\",\n       \"horizontalAlignment\": \"right\"       \n      }\n     ]\n    }\n   ]\n  }\n]\n}\n \n  ,\n\n\n  {\n   \"type\": \"ColumnSet\",\n   \"horizontalAlignment\": \"center\",\n   \"style\":\"emphasis\",\n   \"columns\": [\n    {\n     \"type\": \"Column\",\n     \"width\": 2,\n     \"items\": [\n      \n      {\n       \"type\": \"ColumnSet\",\n       \"columns\": [\n        {\n         \"type\": \"Column\",\n         \"width\": \"stretch\",\n         \"items\": [\n          {\n           \"type\": \"TextBlock\",\n           \"id\": \"taskTitle\",\n           \"text\": \"@{variables('taskTitle')}\",\n           \"wrap\": true,\n           \"weight\":\"bolder\"\n          }\n         ]\n        }\n       ],\n       \"spacing\": \"None\",\n       \"style\": \"emphasis\"\n      },\n      {\n       \"type\": \"ColumnSet\",\n       \"horizontalAlignment\":\"left\",\n       \"columns\": [\n        {\n         \"type\": \"Column\",\n         \"width\": \"100px\",\n         \"items\": [\n          {\n           \"type\": \"TextBlock\",\n           \"text\": \"Prazo\",\n           \"wrap\": true,\n           \"height\": \"stretch\",\n           \"weight\":\"bolder\"\n          }\n         ]\n        },\n        {\n         \"type\": \"Column\",\n         \"width\": \"stretch\",\n         \"items\": [\n          {\n           \"type\": \"TextBlock\",\n           \"text\": \"@{variables('dueDate')}\",\n           \"wrap\": true,\n           \"height\": \"stretch\"\n      \n          }\n         ]\n        }\n       ],\n       \"spacing\": \"None\",\n       \"style\": \"accent\"\n      },\n      {\n       \"type\": \"ColumnSet\",\n       \"horizontalAlignment\":\"left\",\n       \"columns\": [\n        {\n         \"type\": \"Column\",\n         \"width\": \"100px\",\n         \"items\": [\n          {\n           \"type\": \"TextBlock\",\n           \"text\": \"Anotações\",\n           \"weight\":\"bolder\"\n          }\n         ]\n        },\n        {\n         \"type\": \"Column\",\n         \"width\": \"stretch\",\n         \"items\": [\n          {\n           \"type\": \"TextBlock\",\n           \"text\": \"@{variables('Description')}\"           \n          }\n         ]\n        }\n      ],\n       \"spacing\": \"None\",\n       \"style\": \"emphasis\"\n      }  \n     ]\n    }\n   ]\n  }\n  \n ],\n \"actions\": [\n    {\n        \"type\": \"Action.OpenUrl\",\n        \"id\": \"openTaskButton\",\n        \"title\": \"Clique aqui para abrir a tarefa\",\n        \"url\": \"https://tasks.office.com/novonordisk.onmicrosoft.com/pt-BR/Home/Planner#/plantaskboard?planId=@{triggerBody()['text_5']}&taskId=@{variables('taskid')}\"        \n        }\n \n    ]\n  \n\n\n   \n}"},"authentication":{"value":"@json(decodeBase64(triggerOutputs().headers['X-MS-APIM-Tokens']))['$ConnectionKey']","type":"Raw"}}}},"runAfter":{"description":["Succeeded"],"dueDate":["Succeeded"],"Recipients":["Succeeded"],"taskTitle":["Succeeded"]},"metadata":{"operationMetadataId":"eaaa8c33-10bf-455d-8437-4e06cf72b9b6"},"type":"Foreach"}}},"connectionReferences":{"shared_teams":{"connectionName":"shared-teams-4c76a8a4-f255-4378-b089-b20fb9a0bb4f","source":"Invoker","id":"/providers/Microsoft.PowerApps/apis/shared_teams","tier":"NotSpecified"}},"flowFailureAlertSubscribed":false,"isManaged":false}}