{"schemaVersion":"1.0","appDefinitionTemplate":{"id":"/providers/Microsoft.PowerApps/apps/","type":"Microsoft.PowerApps/apps","tags":{"primaryDeviceWidth":"1366","primaryDeviceHeight":"768","supportsPortrait":"true","supportsLandscape":"true","primaryFormFactor":"Tablet","publisherVersion":"3.23034.13","minimumRequiredApiVersion":"2.2.0","hasComponent":"false","hasUnlockedComponent":"false","isUnifiedRootApp":"false","sienaVersion":"20230530T184428Z-3.23053.34.0"},"properties":{"appVersion":"2023-05-30T18:44:28Z","lifeCycleId":"Published","createdByClientVersion":{"major":3,"minor":23034,"build":13,"revision":0,"majorRevision":0,"minorRevision":0},"minClientVersion":{"major":3,"minor":23034,"build":13,"revision":0,"majorRevision":0,"minorRevision":0},"backgroundColor":"rgba(63, 148, 209, 1)","backgroundImageUri":"/12752987600791379870/Nae74c412-8b98-47a3-a201-309f0bd47774-N2a30bee4-7e81-4653-8cf4-0128cdec0db1-logoSmallFile","displayName":"Quadro P&V","description":"Aplicativo para realização do Performance Board do Time MIS","commitMessage":"","appUris":{"documentUri":{"value":"/12752987600791379870/Na1d0307d-a6eb-469a-bcf9-1361f609084c-Nb6b000ee-07d2-45a3-8220-68222c611cb0-document.msapp"},"imageUris":[],"additionalUris":[]},"createdTime":"0001-01-01T00:00:00Z","lastModifiedTime":"0001-01-01T00:00:00Z","sharedGroupsCount":0,"sharedUsersCount":0,"connectionReferences":{"03044691-f02c-4c96-89bd-c4dd852e6f9e":{"id":"16ae7e2a-251a-4234-859a-d6031d8cc55a","displayName":"Planner","iconUri":"https://connectoricons-prod.azureedge.net/releases/v1.0.1608/1.0.1608.3079/planner/icon.png","dataSources":["Planner"],"dependencies":[],"dependents":[],"parameterHints":{},"parameterHintsV2":{},"isOnPremiseConnection":false,"bypassConsent":false,"dataSets":{},"apiTier":"Standard","isCustomApiConnection":false,"actions":["GetTaskDetails_V2","ListBuckets","ListTasks_V2","ListMyPlans_V2"]},"66d048ff-4f99-48d4-b2bb-7cde5d9e9253":{"id":"ad79da28-5255-4611-b126-4e4d35211c44","displayName":"Usuários do Office 365","iconUri":"https://connectoricons-prod.azureedge.net/releases/v1.0.1626/1.0.1626.3238/office365users/icon.png","dataSources":["UsuáriosdoOffice365"],"dependencies":[],"dependents":[],"parameterHints":{},"parameterHintsV2":{},"isOnPremiseConnection":false,"bypassConsent":false,"dataSets":{},"apiTier":"Standard","isCustomApiConnection":false,"actions":["UserProfile","SearchUser"]},"3ec15845-f158-406e-bd92-f3fc0b3f5eab":{"id":"ac230c2d-877a-4728-b87a-4cfa2706662c","displayName":"Grupos do Office 365","iconUri":"https://connectoricons-prod.azureedge.net/releases/v1.0.1626/1.0.1626.3238/office365groups/icon.png","dataSources":["GruposdoOffice365"],"dependencies":[],"dependents":[],"parameterHints":{},"parameterHintsV2":{},"isOnPremiseConnection":false,"bypassConsent":false,"dataSets":{},"apiTier":"Standard","isCustomApiConnection":false},"741f989d-1b00-4242-9856-e2249cec3e65":{"id":"96dd6266-2248-4844-9182-7c9559cd10a7","displayName":"Fluxos lógicos","iconUri":"https://connectoricons-prod.azureedge.net/releases/v1.0.1636/1.0.1636.3297/logicflows/icon.png","dataSources":["teamsNotify"],"dependencies":["b2675958-0ad5-417a-b421-3a1e73c94efa"],"dependents":[],"parameterHints":{"workflowName":{"value":"37f10ce0-4be2-4208-acb9-4cbf6da04e32"},"workflowEntityId":{},"b2675958-0ad5-417a-b421-3a1e73c94efa":{"value":"shared_teams"}},"parameterHintsV2":{"workflowName":{"value":"37f10ce0-4be2-4208-acb9-4cbf6da04e32"},"workflowEntityId":{},"shared_teams":{"value":"b2675958-0ad5-417a-b421-3a1e73c94efa"}},"isOnPremiseConnection":false,"bypassConsent":false,"dataSets":{},"apiTier":"Standard","isCustomApiConnection":false,"actions":["Run"],"nestedActions":[{"id":"/providers/Microsoft.PowerApps/apis/shared_teams/apiOperations/PostCardToConversation","apiName":"Microsoft Teams","actionName":"PostCardToConversation","referencedResources":[]}]},"b2675958-0ad5-417a-b421-3a1e73c94efa":{"id":"96311759-b30d-4c88-a4b1-8f59f67a9e0c","displayName":"Microsoft Teams","iconUri":"https://connectoricons-prod.azureedge.net/releases/v1.0.1636/1.0.1636.3297/teams/icon.png","dataSources":[],"dependencies":[],"dependents":["741f989d-1b00-4242-9856-e2249cec3e65"],"parameterHints":{},"parameterHintsV2":{},"isOnPremiseConnection":false,"bypassConsent":false,"dataSets":{},"apiTier":"Standard","isCustomApiConnection":false},"e13479fc-eb5a-4f57-a63e-1f0b5704d868":{"id":"96dd6266-2248-4844-9182-7c9559cd10a7","displayName":"Fluxos lógicos","iconUri":"https://connectoricons-prod.azureedge.net/releases/v1.0.1636/1.0.1636.3297/logicflows/icon.png","dataSources":["newTask"],"dependencies":["749699e2-5139-4fbe-9dcb-1744aaf7e623"],"dependents":[],"parameterHints":{"workflowName":{"value":"32edc36a-aa22-4376-af36-ae1e58b4747c"},"workflowEntityId":{},"749699e2-5139-4fbe-9dcb-1744aaf7e623":{"value":"shared_planner"}},"parameterHintsV2":{"workflowName":{"value":"32edc36a-aa22-4376-af36-ae1e58b4747c"},"workflowEntityId":{},"shared_planner":{"value":"749699e2-5139-4fbe-9dcb-1744aaf7e623"}},"isOnPremiseConnection":false,"bypassConsent":false,"dataSets":{},"apiTier":"Standard","isCustomApiConnection":false,"actions":["Run"],"nestedActions":[{"id":"/providers/Microsoft.PowerApps/apis/shared_planner/apiOperations/CreateTask_V3","apiName":"Planner","actionName":"CreateTask_V3","referencedResources":[]}]},"749699e2-5139-4fbe-9dcb-1744aaf7e623":{"id":"16ae7e2a-251a-4234-859a-d6031d8cc55a","displayName":"Planner","iconUri":"https://connectoricons-prod.azureedge.net/releases/v1.0.1608/1.0.1608.3079/planner/icon.png","dataSources":[],"dependencies":[],"dependents":["e13479fc-eb5a-4f57-a63e-1f0b5704d868"],"parameterHints":{},"parameterHintsV2":{},"isOnPremiseConnection":false,"bypassConsent":false,"dataSets":{},"apiTier":"Standard","isCustomApiConnection":false}},"authorizationReferences":[{"resourceId":"powerbi"}],"databaseReferences":{"default.cds":{"databaseDetails":{"referenceType":"Environmental","environmentName":"default.cds","overrideValues":{"status":"NotSpecified"}},"dataSources":{"Ações":{"entitySetName":"crfad_acoeses","logicalName":"crfad_acoes"}},"actions":["providers/PowerPlatform.Governance/Operations/Read"]}},"almMode":"Environment","performanceOptimizationEnabled":true,"canConsumeAppPass":true,"enableModernRuntimeMode":false,"executionRestrictions":{"isTeamsOnly":false,"dataLossPreventionEvaluationResult":{"status":"Compliant","lastEvaluationDate":"2023-04-12T22:27:43.8102936Z","violations":[],"violationsByPolicy":[],"violationErrorMessage":"O aplicativo usa os seguintes conectores: shared_planner, shared_office365users, shared_office365groups, shared_logicflows, shared_teams, shared_commondataservice."},"httpActionRestriction":{"appUsesSharepointHttpAction":false,"enforcementStrategy":"Legacy","evaluationTime":"2023-04-12T22:27:43.8102068Z"}}},"appType":"ClassicCanvasApp","appComponents":[]}}