{"name":"1a6e07fa-9eb0-41b0-8cb2-3005a713387b","id":"/providers/Microsoft.Flow/flows/1a6e07fa-9eb0-41b0-8cb2-3005a713387b","type":"Microsoft.Flow/flows","properties":{"apiId":"/providers/Microsoft.PowerApps/apis/shared_logicflows","displayName":"newTaskP&V","definition":{"metadata":{"workflowEntityId":null,"processAdvisorMetadata":null,"flowclientsuspensionreason":"None","flowclientsuspensiontime":null,"flowclientsuspensionreasondetails":null,"creator":{"id":"f7a3dd01-2eb4-4c80-9957-da874580db62","type":"User","tenantId":"fdfed7bd-9f6a-44a1-b694-6e39c468c150"},"provisioningMethod":"FromDefinition","failureAlertSubscription":true,"clientLastModifiedTime":"2023-05-30T18:44:17.7914145Z","flowChargedByPaygo":null},"$schema":"https://schema.management.azure.com/providers/Microsoft.Logic/schemas/2016-06-01/workflowdefinition.json#","contentVersion":"1.0.0.0","parameters":{"$connections":{"defaultValue":{},"type":"Object"},"$authentication":{"defaultValue":{},"type":"SecureObject"}},"triggers":{"manual":{"metadata":{"operationMetadataId":"6581124b-d61f-42db-b132-679afad42053"},"type":"Request","kind":"PowerAppV2","inputs":{"schema":{"type":"object","properties":{"text":{"title":"taskTitle","type":"string","x-ms-dynamically-added":true,"description":"Please enter your input","x-ms-content-hint":"TEXT"},"text_1":{"title":"planID","type":"string","x-ms-dynamically-added":true,"description":"Please enter your input","x-ms-content-hint":"TEXT"},"text_2":{"title":"bucketID","type":"string","x-ms-dynamically-added":true,"description":"Please enter your input","x-ms-content-hint":"TEXT"},"text_3":{"title":"taskDuedate","type":"string","x-ms-dynamically-added":true,"description":"Insira sua entrada","x-ms-content-hint":"TEXT"},"text_4":{"title":"userMails","type":"string","x-ms-dynamically-added":true,"description":"Insira sua entrada","x-ms-content-hint":"TEXT"}},"required":["text","text_1","text_2","text_3","text_4"]}}}},"actions":{"Create_a_task":{"runAfter":{},"metadata":{"operationMetadataId":"53b26fd7-06bf-4a07-8109-2a5df12f3b5e"},"type":"OpenApiConnection","inputs":{"host":{"apiId":"/providers/Microsoft.PowerApps/apis/shared_planner","connectionName":"shared_planner","operationId":"CreateTask_V3"},"parameters":{"body/groupId":"(this information don't need to be filled since plan id is filled)","body/planId":"@triggerBody()['text_1']","body/title":"@triggerBody()['text']","body/bucketId":"@triggerBody()['text_2']","body/dueDateTime":"@addDays(triggerBody()['text_3'], 1)","body/assignments":"@triggerBody()['text_4']"},"authentication":{"value":"@json(decodeBase64(triggerOutputs().headers['X-MS-APIM-Tokens']))['$ConnectionKey']","type":"Raw"}}}}},"connectionReferences":{"shared_planner":{"connectionName":"029b5f45555d45909cdaa64054d657ff","source":"Invoker","id":"/providers/Microsoft.PowerApps/apis/shared_planner","tier":"NotSpecified"}},"flowFailureAlertSubscribed":false,"isManaged":false}}